<?xml version="1.0" encoding="UTF-8" ?>
<!DOCTYPE mapper PUBLIC "-//mybatis.org//DTD Mapper 3.0//EN" "http://mybatis.org/dtd/mybatis-3-mapper.dtd" >
<mapper namespace="com.roncoo.pay.service.trade.dao.impl.RpTradePaymentRecordDaoImpl">

	<!-- ==================================================================== -->
	<!-- 龙果学院 (www.roncoo.com) 超级教程系列 -->
	<!-- 《微服务架构的分布式事务解决方案》视频教程 -->
	<!-- 讲师：吴水成（水到渠成），840765167@qq.com -->
	<!-- 课程地址：http://www.roncoo.com/course/view/7ae3d7eddc4742f78b0548aa8bd9ccdb -->
	<!-- ==================================================================== -->

	<resultMap id="BaseResultMap" type="com.roncoo.pay.service.trade.entity.RpTradePaymentRecord">
		<id column="id" property="id" jdbcType="VARCHAR" />
		<result column="version" property="version" jdbcType="SMALLINT" />
		<result column="create_time" property="createTime" jdbcType="TIMESTAMP" />
		<result column="status" property="status" jdbcType="VARCHAR" />
		<result column="editor" property="editor" jdbcType="VARCHAR" />
		<result column="creater" property="creater" jdbcType="VARCHAR" />
		<result column="edit_time" property="editTime" jdbcType="TIMESTAMP" />
		<result column="product_name" property="productName" jdbcType="VARCHAR" />
		<result column="merchant_order_no" property="merchantOrderNo" jdbcType="VARCHAR" />
		<result column="trx_no" property="trxNo" jdbcType="CHAR" />
		<result column="bank_order_no" property="bankOrderNo" jdbcType="CHAR" />
		<result column="bank_trx_no" property="bankTrxNo" jdbcType="VARCHAR" />
		<result column="merchant_name" property="merchantName" jdbcType="VARCHAR" />
		<result column="merchant_no" property="merchantNo" jdbcType="VARCHAR" />
		<result column="payer_user_no" property="payerUserNo" jdbcType="VARCHAR" />
		<result column="payer_name" property="payerName" jdbcType="VARCHAR" />
		<result column="payer_pay_amount" property="payerPayAmount" jdbcType="DECIMAL" />
		<result column="payer_fee" property="payerFee" jdbcType="DECIMAL" />
		<result column="payer_account_type" property="payerAccountType" jdbcType="VARCHAR" />
		<result column="receiver_user_no" property="receiverUserNo" jdbcType="VARCHAR" />
		<result column="receiver_name" property="receiverName" jdbcType="VARCHAR" />
		<result column="receiver_pay_amount" property="receiverPayAmount" jdbcType="DECIMAL" />
		<result column="receiver_fee" property="receiverFee" jdbcType="DECIMAL" />
		<result column="receiver_account_type" property="receiverAccountType" jdbcType="VARCHAR" />
		<result column="order_ip" property="orderIp" jdbcType="VARCHAR" />
		<result column="order_referer_url" property="orderRefererUrl" jdbcType="VARCHAR" />
		<result column="order_amount" property="orderAmount" jdbcType="DECIMAL" />
		<result column="plat_income" property="platIncome" jdbcType="DECIMAL" />
		<result column="fee_rate" property="feeRate" jdbcType="DECIMAL" />
		<result column="plat_cost" property="platCost" jdbcType="DECIMAL" />
		<result column="plat_profit" property="platProfit" jdbcType="DECIMAL" />
		<result column="return_url" property="returnUrl" jdbcType="VARCHAR" />
		<result column="notify_url" property="notifyUrl" jdbcType="VARCHAR" />
		<result column="pay_way_code" property="payWayCode" jdbcType="VARCHAR" />
		<result column="pay_way_name" property="payWayName" jdbcType="VARCHAR" />
		<result column="pay_success_time" property="paySuccessTime" jdbcType="TIMESTAMP" />
		<result column="complete_time" property="completeTime" jdbcType="TIMESTAMP" />
		<result column="is_refund" property="isRefund" jdbcType="VARCHAR" />
		<result column="refund_times" property="refundTimes" jdbcType="SMALLINT" />
		<result column="success_refund_amount" property="successRefundAmount" jdbcType="DECIMAL" />
		<result column="trx_type" property="trxType" jdbcType="VARCHAR" />
		<result column="order_from" property="orderFrom" jdbcType="VARCHAR" />
		<result column="pay_type_code" property="payTypeCode" jdbcType="VARCHAR" />
		<result column="pay_type_name" property="payTypeName" jdbcType="VARCHAR" />
		<result column="fund_into_type" property="fundIntoType" jdbcType="VARCHAR" />
		<result column="remark" property="remark" jdbcType="VARCHAR" />
		<result column="bank_return_msg" property="bankReturnMsg" jdbcType="VARCHAR" />
		<result column="field1" property="field1" jdbcType="VARCHAR" />
		<result column="field2" property="field2" jdbcType="VARCHAR" />
		<result column="field3" property="field3" jdbcType="VARCHAR" />
		<result column="field4" property="field4" jdbcType="VARCHAR" />
		<result column="field5" property="field5" jdbcType="VARCHAR" />
	</resultMap>
	<sql id="Base_Column_List">
		id, version, create_time, status, editor, creater, edit_time, product_name, merchant_order_no,
		trx_no, bank_order_no, bank_trx_no, merchant_name, merchant_no, payer_user_no, payer_name,
		payer_pay_amount, payer_fee, payer_account_type, receiver_user_no, receiver_name,
		receiver_pay_amount, receiver_fee, receiver_account_type, order_ip, order_referer_url,
		order_amount, plat_income, fee_rate, plat_cost, plat_profit, return_url, notify_url,
		pay_way_code, pay_way_name, pay_success_time, complete_time, is_refund, refund_times,
		success_refund_amount, trx_type, order_from, pay_type_code, pay_type_name, fund_into_type,
		remark, bank_return_msg , field1, field2, field3, field4, field5
	</sql>
	<select id="selectByPrimaryKey" resultMap="BaseResultMap" parameterType="java.lang.String">
		select
		<include refid="Base_Column_List" />
		from rp_trade_payment_record
		where id = #{id,jdbcType=VARCHAR}
	</select>
	<delete id="deleteByPrimaryKey" parameterType="java.lang.String">
		delete from rp_trade_payment_record
		where id = #{id,jdbcType=VARCHAR}
	</delete>
	<insert id="insert" parameterType="com.roncoo.pay.service.trade.entity.RpTradePaymentRecord">
		insert into rp_trade_payment_record (id, version, create_time,
		status, editor, creater,
		edit_time, product_name, merchant_order_no,
		trx_no, bank_order_no, bank_trx_no,
		merchant_name, merchant_no, payer_user_no,
		payer_name, payer_pay_amount, payer_fee,
		payer_account_type, receiver_user_no, receiver_name,
		receiver_pay_amount, receiver_fee, receiver_account_type,
		order_ip, order_referer_url, order_amount,
		plat_income, fee_rate, plat_cost,
		plat_profit, return_url, notify_url,
		pay_way_code, pay_way_name, pay_success_time,
		complete_time, is_refund, refund_times,
		success_refund_amount, trx_type, order_from,
		pay_type_code, pay_type_name, fund_into_type,
		remark, bank_return_msg , field1,
		field2,
		field3, field4, field5
		)
		values (#{id,jdbcType=VARCHAR}, #{version,jdbcType=SMALLINT}, #{createTime,jdbcType=TIMESTAMP},
		#{status,jdbcType=VARCHAR}, #{editor,jdbcType=VARCHAR}, #{creater,jdbcType=VARCHAR},
		#{editTime,jdbcType=TIMESTAMP}, #{productName,jdbcType=VARCHAR}, #{merchantOrderNo,jdbcType=VARCHAR},
		#{trxNo,jdbcType=CHAR}, #{bankOrderNo,jdbcType=CHAR}, #{bankTrxNo,jdbcType=VARCHAR},
		#{merchantName,jdbcType=VARCHAR}, #{merchantNo,jdbcType=VARCHAR}, #{payerUserNo,jdbcType=VARCHAR},
		#{payerName,jdbcType=VARCHAR}, #{payerPayAmount,jdbcType=DECIMAL}, #{payerFee,jdbcType=DECIMAL},
		#{payerAccountType,jdbcType=VARCHAR}, #{receiverUserNo,jdbcType=VARCHAR}, #{receiverName,jdbcType=VARCHAR},
		#{receiverPayAmount,jdbcType=DECIMAL}, #{receiverFee,jdbcType=DECIMAL}, #{receiverAccountType,jdbcType=VARCHAR},
		#{orderIp,jdbcType=VARCHAR}, #{orderRefererUrl,jdbcType=VARCHAR}, #{orderAmount,jdbcType=DECIMAL},
		#{platIncome,jdbcType=DECIMAL}, #{feeRate,jdbcType=DECIMAL}, #{platCost,jdbcType=DECIMAL},
		#{platProfit,jdbcType=DECIMAL}, #{returnUrl,jdbcType=VARCHAR}, #{notifyUrl,jdbcType=VARCHAR},
		#{payWayCode,jdbcType=VARCHAR}, #{payWayName,jdbcType=VARCHAR}, #{paySuccessTime,jdbcType=TIMESTAMP},
		#{completeTime,jdbcType=TIMESTAMP}, #{isRefund,jdbcType=VARCHAR}, #{refundTimes,jdbcType=SMALLINT},
		#{successRefundAmount,jdbcType=DECIMAL}, #{trxType,jdbcType=VARCHAR}, #{orderFrom,jdbcType=VARCHAR},
		#{payTypeCode,jdbcType=VARCHAR}, #{payTypeName,jdbcType=VARCHAR}, #{fundIntoType,jdbcType=VARCHAR},
		#{remark,jdbcType=VARCHAR},#{bankReturnMsg,jdbcType=VARCHAR}, #{field1,jdbcType=VARCHAR}, #{field2,jdbcType=VARCHAR},
		#{field3,jdbcType=VARCHAR}, #{field4,jdbcType=VARCHAR}, #{field5,jdbcType=VARCHAR}
		)
	</insert>
	<insert id="insertSelective" parameterType="com.roncoo.pay.service.trade.entity.RpTradePaymentRecord">
		insert into rp_trade_payment_record
		<trim prefix="(" suffix=")" suffixOverrides=",">
			<if test="id != null">
				id,
			</if>
			<if test="version != null">
				version,
			</if>
			<if test="createTime != null">
				create_time,
			</if>
			<if test="status != null">
				status,
			</if>
			<if test="editor != null">
				editor,
			</if>
			<if test="creater != null">
				creater,
			</if>
			<if test="editTime != null">
				edit_time,
			</if>
			<if test="productName != null">
				product_name,
			</if>
			<if test="merchantOrderNo != null">
				merchant_order_no,
			</if>
			<if test="trxNo != null">
				trx_no,
			</if>
			<if test="bankOrderNo != null">
				bank_order_no,
			</if>
			<if test="bankTrxNo != null">
				bank_trx_no,
			</if>
			<if test="merchantName != null">
				merchant_name,
			</if>
			<if test="merchantNo != null">
				merchant_no,
			</if>
			<if test="payerUserNo != null">
				payer_user_no,
			</if>
			<if test="payerName != null">
				payer_name,
			</if>
			<if test="payerPayAmount != null">
				payer_pay_amount,
			</if>
			<if test="payerFee != null">
				payer_fee,
			</if>
			<if test="payerAccountType != null">
				payer_account_type,
			</if>
			<if test="receiverUserNo != null">
				receiver_user_no,
			</if>
			<if test="receiverName != null">
				receiver_name,
			</if>
			<if test="receiverPayAmount != null">
				receiver_pay_amount,
			</if>
			<if test="receiverFee != null">
				receiver_fee,
			</if>
			<if test="receiverAccountType != null">
				receiver_account_type,
			</if>
			<if test="orderIp != null">
				order_ip,
			</if>
			<if test="orderRefererUrl != null">
				order_referer_url,
			</if>
			<if test="orderAmount != null">
				order_amount,
			</if>
			<if test="platIncome != null">
				plat_income,
			</if>
			<if test="feeRate != null">
				fee_rate,
			</if>
			<if test="platCost != null">
				plat_cost,
			</if>
			<if test="platProfit != null">
				plat_profit,
			</if>
			<if test="returnUrl != null">
				return_url,
			</if>
			<if test="notifyUrl != null">
				notify_url,
			</if>
			<if test="payWayCode != null">
				pay_way_code,
			</if>
			<if test="payWayName != null">
				pay_way_name,
			</if>
			<if test="paySuccessTime != null">
				pay_success_time,
			</if>
			<if test="completeTime != null">
				complete_time,
			</if>
			<if test="isRefund != null">
				is_refund,
			</if>
			<if test="refundTimes != null">
				refund_times,
			</if>
			<if test="successRefundAmount != null">
				success_refund_amount,
			</if>
			<if test="trxType != null">
				trx_type,
			</if>
			<if test="orderFrom != null">
				order_from,
			</if>
			<if test="payTypeCode != null">
				pay_type_code,
			</if>
			<if test="payTypeName != null">
				pay_type_name,
			</if>
			<if test="fundIntoType != null">
				fund_into_type,
			</if>
			<if test="remark != null">
				remark,
			</if>
			<if test="bankReturnMsg != null">
				bank_return_msg,
			</if>
			<if test="field1 != null">
				field1,
			</if>
			<if test="field2 != null">
				field2,
			</if>
			<if test="field3 != null">
				field3,
			</if>
			<if test="field4 != null">
				field4,
			</if>
			<if test="field5 != null">
				field5,
			</if>
		</trim>
		<trim prefix="values (" suffix=")" suffixOverrides=",">
			<if test="id != null">
				#{id,jdbcType=VARCHAR},
			</if>
			<if test="version != null">
				#{version,jdbcType=SMALLINT},
			</if>
			<if test="createTime != null">
				#{createTime,jdbcType=TIMESTAMP},
			</if>
			<if test="status != null">
				#{status,jdbcType=VARCHAR},
			</if>
			<if test="editor != null">
				#{editor,jdbcType=VARCHAR},
			</if>
			<if test="creater != null">
				#{creater,jdbcType=VARCHAR},
			</if>
			<if test="editTime != null">
				#{editTime,jdbcType=TIMESTAMP},
			</if>
			<if test="productName != null">
				#{productName,jdbcType=VARCHAR},
			</if>
			<if test="merchantOrderNo != null">
				#{merchantOrderNo,jdbcType=VARCHAR},
			</if>
			<if test="trxNo != null">
				#{trxNo,jdbcType=CHAR},
			</if>
			<if test="bankOrderNo != null">
				#{bankOrderNo,jdbcType=CHAR},
			</if>
			<if test="bankTrxNo != null">
				#{bankTrxNo,jdbcType=VARCHAR},
			</if>
			<if test="merchantName != null">
				#{merchantName,jdbcType=VARCHAR},
			</if>
			<if test="merchantNo != null">
				#{merchantNo,jdbcType=VARCHAR},
			</if>
			<if test="payerUserNo != null">
				#{payerUserNo,jdbcType=VARCHAR},
			</if>
			<if test="payerName != null">
				#{payerName,jdbcType=VARCHAR},
			</if>
			<if test="payerPayAmount != null">
				#{payerPayAmount,jdbcType=DECIMAL},
			</if>
			<if test="payerFee != null">
				#{payerFee,jdbcType=DECIMAL},
			</if>
			<if test="payerAccountType != null">
				#{payerAccountType,jdbcType=VARCHAR},
			</if>
			<if test="receiverUserNo != null">
				#{receiverUserNo,jdbcType=VARCHAR},
			</if>
			<if test="receiverName != null">
				#{receiverName,jdbcType=VARCHAR},
			</if>
			<if test="receiverPayAmount != null">
				#{receiverPayAmount,jdbcType=DECIMAL},
			</if>
			<if test="receiverFee != null">
				#{receiverFee,jdbcType=DECIMAL},
			</if>
			<if test="receiverAccountType != null">
				#{receiverAccountType,jdbcType=VARCHAR},
			</if>
			<if test="orderIp != null">
				#{orderIp,jdbcType=VARCHAR},
			</if>
			<if test="orderRefererUrl != null">
				#{orderRefererUrl,jdbcType=VARCHAR},
			</if>
			<if test="orderAmount != null">
				#{orderAmount,jdbcType=DECIMAL},
			</if>
			<if test="platIncome != null">
				#{platIncome,jdbcType=DECIMAL},
			</if>
			<if test="feeRate != null">
				#{feeRate,jdbcType=DECIMAL},
			</if>
			<if test="platCost != null">
				#{platCost,jdbcType=DECIMAL},
			</if>
			<if test="platProfit != null">
				#{platProfit,jdbcType=DECIMAL},
			</if>
			<if test="returnUrl != null">
				#{returnUrl,jdbcType=VARCHAR},
			</if>
			<if test="notifyUrl != null">
				#{notifyUrl,jdbcType=VARCHAR},
			</if>
			<if test="payWayCode != null">
				#{payWayCode,jdbcType=VARCHAR},
			</if>
			<if test="payWayName != null">
				#{payWayName,jdbcType=VARCHAR},
			</if>
			<if test="paySuccessTime != null">
				#{paySuccessTime,jdbcType=TIMESTAMP},
			</if>
			<if test="completeTime != null">
				#{completeTime,jdbcType=TIMESTAMP},
			</if>
			<if test="isRefund != null">
				#{isRefund,jdbcType=VARCHAR},
			</if>
			<if test="refundTimes != null">
				#{refundTimes,jdbcType=SMALLINT},
			</if>
			<if test="successRefundAmount != null">
				#{successRefundAmount,jdbcType=DECIMAL},
			</if>
			<if test="trxType != null">
				#{trxType,jdbcType=VARCHAR},
			</if>
			<if test="orderFrom != null">
				#{orderFrom,jdbcType=VARCHAR},
			</if>
			<if test="payTypeCode != null">
				#{payTypeCode,jdbcType=VARCHAR},
			</if>
			<if test="payTypeName != null">
				#{payTypeName,jdbcType=VARCHAR},
			</if>
			<if test="fundIntoType != null">
				#{fundIntoType,jdbcType=VARCHAR},
			</if>
			<if test="remark != null">
				#{remark,jdbcType=VARCHAR},
			</if>
			<if test="bankReturnMsg != null">
				#{bankReturnMsg,jdbcType=VARCHAR},
			</if>
			<if test="field1 != null">
				#{field1,jdbcType=VARCHAR},
			</if>
			<if test="field2 != null">
				#{field2,jdbcType=VARCHAR},
			</if>
			<if test="field3 != null">
				#{field3,jdbcType=VARCHAR},
			</if>
			<if test="field4 != null">
				#{field4,jdbcType=VARCHAR},
			</if>
			<if test="field5 != null">
				#{field5,jdbcType=VARCHAR},
			</if>
		</trim>
	</insert>
	<update id="updateByPrimaryKeySelective" parameterType="com.roncoo.pay.service.trade.entity.RpTradePaymentRecord">
		update rp_trade_payment_record
		<set>
			<if test="version != null">
				version = #{version,jdbcType=SMALLINT},
			</if>
			<if test="createTime != null">
				create_time = #{createTime,jdbcType=TIMESTAMP},
			</if>
			<if test="status != null">
				status = #{status,jdbcType=VARCHAR},
			</if>
			<if test="editor != null">
				editor = #{editor,jdbcType=VARCHAR},
			</if>
			<if test="creater != null">
				creater = #{creater,jdbcType=VARCHAR},
			</if>
			<if test="editTime != null">
				edit_time = #{editTime,jdbcType=TIMESTAMP},
			</if>
			<if test="productName != null">
				product_name = #{productName,jdbcType=VARCHAR},
			</if>
			<if test="merchantOrderNo != null">
				merchant_order_no = #{merchantOrderNo,jdbcType=VARCHAR},
			</if>
			<if test="trxNo != null">
				trx_no = #{trxNo,jdbcType=CHAR},
			</if>
			<if test="bankOrderNo != null">
				bank_order_no = #{bankOrderNo,jdbcType=CHAR},
			</if>
			<if test="bankTrxNo != null">
				bank_trx_no = #{bankTrxNo,jdbcType=VARCHAR},
			</if>
			<if test="merchantName != null">
				merchant_name = #{merchantName,jdbcType=VARCHAR},
			</if>
			<if test="merchantNo != null">
				merchant_no = #{merchantNo,jdbcType=VARCHAR},
			</if>
			<if test="payerUserNo != null">
				payer_user_no = #{payerUserNo,jdbcType=VARCHAR},
			</if>
			<if test="payerName != null">
				payer_name = #{payerName,jdbcType=VARCHAR},
			</if>
			<if test="payerPayAmount != null">
				payer_pay_amount = #{payerPayAmount,jdbcType=DECIMAL},
			</if>
			<if test="payerFee != null">
				payer_fee = #{payerFee,jdbcType=DECIMAL},
			</if>
			<if test="payerAccountType != null">
				payer_account_type = #{payerAccountType,jdbcType=VARCHAR},
			</if>
			<if test="receiverUserNo != null">
				receiver_user_no = #{receiverUserNo,jdbcType=VARCHAR},
			</if>
			<if test="receiverName != null">
				receiver_name = #{receiverName,jdbcType=VARCHAR},
			</if>
			<if test="receiverPayAmount != null">
				receiver_pay_amount = #{receiverPayAmount,jdbcType=DECIMAL},
			</if>
			<if test="receiverFee != null">
				receiver_fee = #{receiverFee,jdbcType=DECIMAL},
			</if>
			<if test="receiverAccountType != null">
				receiver_account_type = #{receiverAccountType,jdbcType=VARCHAR},
			</if>
			<if test="orderIp != null">
				order_ip = #{orderIp,jdbcType=VARCHAR},
			</if>
			<if test="orderRefererUrl != null">
				order_referer_url = #{orderRefererUrl,jdbcType=VARCHAR},
			</if>
			<if test="orderAmount != null">
				order_amount = #{orderAmount,jdbcType=DECIMAL},
			</if>
			<if test="platIncome != null">
				plat_income = #{platIncome,jdbcType=DECIMAL},
			</if>
			<if test="feeRate != null">
				fee_rate = #{feeRate,jdbcType=DECIMAL},
			</if>
			<if test="platCost != null">
				plat_cost = #{platCost,jdbcType=DECIMAL},
			</if>
			<if test="platProfit != null">
				plat_profit = #{platProfit,jdbcType=DECIMAL},
			</if>
			<if test="returnUrl != null">
				return_url = #{returnUrl,jdbcType=VARCHAR},
			</if>
			<if test="notifyUrl != null">
				notify_url = #{notifyUrl,jdbcType=VARCHAR},
			</if>
			<if test="payWayCode != null">
				pay_way_code = #{payWayCode,jdbcType=VARCHAR},
			</if>
			<if test="payWayName != null">
				pay_way_name = #{payWayName,jdbcType=VARCHAR},
			</if>
			<if test="paySuccessTime != null">
				pay_success_time = #{paySuccessTime,jdbcType=TIMESTAMP},
			</if>
			<if test="completeTime != null">
				complete_time = #{completeTime,jdbcType=TIMESTAMP},
			</if>
			<if test="isRefund != null">
				is_refund = #{isRefund,jdbcType=VARCHAR},
			</if>
			<if test="refundTimes != null">
				refund_times = #{refundTimes,jdbcType=SMALLINT},
			</if>
			<if test="successRefundAmount != null">
				success_refund_amount = #{successRefundAmount,jdbcType=DECIMAL},
			</if>
			<if test="trxType != null">
				trx_type = #{trxType,jdbcType=VARCHAR},
			</if>
			<if test="orderFrom != null">
				order_from = #{orderFrom,jdbcType=VARCHAR},
			</if>
			<if test="payTypeCode != null">
				pay_type_code = #{payTypeCode,jdbcType=VARCHAR},
			</if>
			<if test="payTypeName != null">
				pay_type_name = #{payTypeName,jdbcType=VARCHAR},
			</if>
			<if test="fundIntoType != null">
				fund_into_type = #{fundIntoType,jdbcType=VARCHAR},
			</if>
			<if test="remark != null">
				remark = #{remark,jdbcType=VARCHAR},
			</if>
			<if test="bankReturnMsg != null">
				bank_return_msg = #{bankReturnMsg,jdbcType=VARCHAR},
			</if>
			<if test="field1 != null">
				field1 = #{field1,jdbcType=VARCHAR},
			</if>
			<if test="field2 != null">
				field2 = #{field2,jdbcType=VARCHAR},
			</if>
			<if test="field3 != null">
				field3 = #{field3,jdbcType=VARCHAR},
			</if>
			<if test="field4 != null">
				field4 = #{field4,jdbcType=VARCHAR},
			</if>
			<if test="field5 != null">
				field5 = #{field5,jdbcType=VARCHAR},
			</if>
		</set>
		where id = #{id,jdbcType=VARCHAR}
	</update>
	<update id="updateByPrimaryKey" parameterType="com.roncoo.pay.service.trade.entity.RpTradePaymentRecord">
		update rp_trade_payment_record
		set version = #{version,jdbcType=SMALLINT},
		create_time = #{createTime,jdbcType=TIMESTAMP},
		status = #{status,jdbcType=VARCHAR},
		editor = #{editor,jdbcType=VARCHAR},
		creater = #{creater,jdbcType=VARCHAR},
		edit_time = #{editTime,jdbcType=TIMESTAMP},
		product_name = #{productName,jdbcType=VARCHAR},
		merchant_order_no = #{merchantOrderNo,jdbcType=VARCHAR},
		trx_no = #{trxNo,jdbcType=CHAR},
		bank_order_no = #{bankOrderNo,jdbcType=CHAR},
		bank_trx_no = #{bankTrxNo,jdbcType=VARCHAR},
		merchant_name = #{merchantName,jdbcType=VARCHAR},
		merchant_no = #{merchantNo,jdbcType=VARCHAR},
		payer_user_no = #{payerUserNo,jdbcType=VARCHAR},
		payer_name =
		#{payerName,jdbcType=VARCHAR},
		payer_pay_amount = #{payerPayAmount,jdbcType=DECIMAL},
		payer_fee = #{payerFee,jdbcType=DECIMAL},
		payer_account_type = #{payerAccountType,jdbcType=VARCHAR},
		receiver_user_no = #{receiverUserNo,jdbcType=VARCHAR},
		receiver_name = #{receiverName,jdbcType=VARCHAR},
		receiver_pay_amount = #{receiverPayAmount,jdbcType=DECIMAL},
		receiver_fee = #{receiverFee,jdbcType=DECIMAL},
		receiver_account_type = #{receiverAccountType,jdbcType=VARCHAR},
		order_ip = #{orderIp,jdbcType=VARCHAR},
		order_referer_url = #{orderRefererUrl,jdbcType=VARCHAR},
		order_amount = #{orderAmount,jdbcType=DECIMAL},
		plat_income = #{platIncome,jdbcType=DECIMAL},
		fee_rate = #{feeRate,jdbcType=DECIMAL},
		plat_cost =
		#{platCost,jdbcType=DECIMAL},
		plat_profit = #{platProfit,jdbcType=DECIMAL},
		return_url = #{returnUrl,jdbcType=VARCHAR},
		notify_url = #{notifyUrl,jdbcType=VARCHAR},
		pay_way_code = #{payWayCode,jdbcType=VARCHAR},
		pay_way_name = #{payWayName,jdbcType=VARCHAR},
		pay_success_time = #{paySuccessTime,jdbcType=TIMESTAMP},
		complete_time = #{completeTime,jdbcType=TIMESTAMP},
		is_refund = #{isRefund,jdbcType=VARCHAR},
		refund_times = #{refundTimes,jdbcType=SMALLINT},
		success_refund_amount = #{successRefundAmount,jdbcType=DECIMAL},
		trx_type = #{trxType,jdbcType=VARCHAR},
		order_from = #{orderFrom,jdbcType=VARCHAR},
		pay_type_code = #{payTypeCode,jdbcType=VARCHAR},
		pay_type_name = #{payTypeName,jdbcType=VARCHAR},
		fund_into_type =
		#{fundIntoType,jdbcType=VARCHAR},
		remark = #{remark,jdbcType=VARCHAR},
		bank_return_msg = #{bankReturnMsg,jdbcType=VARCHAR},
		field1 = #{field1,jdbcType=VARCHAR},
		field2 = #{field2,jdbcType=VARCHAR},
		field3 = #{field3,jdbcType=VARCHAR},
		field4 = #{field4,jdbcType=VARCHAR},
		field5 = #{field5,jdbcType=VARCHAR}
		where id = #{id,jdbcType=VARCHAR}
	</update>



	<!-- 对账查询条件 -->
	<sql id="condition_sql">
		<!-- billDate 的格式：2016-05-20 -->
		<if test="billDate != null and billDate != ''">
			and create_time between #{billDate} AND CONCAT(#{billDate},' 23:59:59')
		</if>
		<if test="interfaceCode != null and interfaceCode != ''">
			and pay_way_code = #{interfaceCode}
		</if>
		<if test="bankOrderNo != null and bankOrderNo != ''">
			and bank_order_no = #{bankOrderNo}
		</if>
		<if test="trxNo != null and trxNo != ''"> and trx_no = #{trxNo}</if>
		<if test="merchantNo != null and merchantNo != ''"> and merchant_no = #{merchantNo,jdbcType=VARCHAR}</if>
		<if test="merchantOrderNo != null and merchantOrderNo != ''"> and merchant_order_no = #{merchantOrderNo,jdbcType=VARCHAR}</if>
		<if test="merchantName != null and merchantName != '' "> and merchant_name = #{merchantName,jdbcType=VARCHAR}</if>
		<if test="fundIntoType != null and fundIntoType != '' "> and fund_into_type = #{fundIntoType,jdbcType=VARCHAR}</if>
		<if test="payTypeName != null and payTypeName != '' "> and pay_type_name = #{payTypeName,jdbcType=VARCHAR}</if>
		<if test="payWayName != null and payWayName != '' "> and pay_way_name = #{payWayName,jdbcType=VARCHAR}</if>
		<if test="status != null and status != '' "> and status = #{status,jdbcType=VARCHAR}</if>

		<if test="orderDateBegin != null and orderDateBegin != '' "> and order_date <![CDATA[ >= ]]> #{orderDateBegin,jdbcType=VARCHAR}</if>
		<if test="orderDateEnd != null and orderDateEnd != '' "> and order_date <![CDATA[ <= ]]> #{orderDateEnd,jdbcType=VARCHAR}</if>

	</sql>


	<select id="listBy" parameterType="java.util.Map" resultMap="BaseResultMap">
		select
		<include refid="Base_Column_List" />
		from
		rp_trade_payment_record
		<where>
			<include refid="condition_sql" />
		</where>
	</select>

	<!-- 对账查询 -->
	<select id="listByColumn" parameterType="java.util.Map" resultMap="BaseResultMap">
		select
		<include refid="Base_Column_List" />
		from
		rp_trade_payment_record
		<where>
			<include refid="condition_sql" />
		</where>
		order by create_time asc
	</select>

	<select id="listPage" parameterType="java.util.Map" resultMap="BaseResultMap">
		select * from rp_trade_payment_record
		<where>
			<include refid="condition_sql" />
		</where>
		<![CDATA[ order by create_time desc  limit #{pageFirst}, #{pageSize}]]>
	</select>

	<select id="listPageCount" parameterType="java.util.Map" resultType="long">
		select count(1) from  rp_trade_payment_record
		<where>
			<include refid="condition_sql" />
		</where>
	</select>
	
	<!-- 生成支付流水号序列 -->
	<select id="buildTrxNoSeq" resultType="java.lang.String">
    	select FUN_SEQ('TRX_NO_SEQ')
    </select>
    
    <!-- 生成支付流水号序列 -->
	<select id="buildBankOrderNoSeq" resultType="java.lang.String">
    	select FUN_SEQ('BANK_ORDER_NO_SEQ')
    </select>
    
</mapper>