<?xml version="1.0" encoding="UTF-8"?>
<beans xmlns="http://www.springframework.org/schema/beans"
	xmlns:xsi="http://www.w3.org/2001/XMLSchema-instance" xmlns:p="http://www.springframework.org/schema/p"
	xmlns:context="http://www.springframework.org/schema/context"
	xmlns:mvc="http://www.springframework.org/schema/mvc"
	xsi:schemaLocation="http://www.springframework.org/schema/beans  
                        http://www.springframework.org/schema/beans/spring-beans-3.2.xsd  
                        http://www.springframework.org/schema/context  
                        http://www.springframework.org/schema/context/spring-context-3.2.xsd  
                        http://www.springframework.org/schema/mvc  
                        http://www.springframework.org/schema/mvc/spring-mvc-3.2.xsd">

	<!-- ==================================================================== -->
	<!-- 龙果学院 (www.roncoo.com) 超级教程系列 -->
	<!-- 《微服务架构的分布式事务解决方案》视频教程 -->
	<!-- 讲师：吴水成（水到渠成），840765167@qq.com -->
	<!-- 课程地址：http://www.roncoo.com/details/7ae3d7eddc4742f78b0548aa8bd9ccdb -->
	<!-- ==================================================================== -->
                        
	<!-- 自动扫描该包，使SpringMVC认为包下用了@controller注解的类是控制器 -->
	<context:component-scan base-package="com.roncoo.pay.controller" />
	
	<!-- 相当于注册了DefaultAnnotationHandlerMapping和AnnotationMethodHandlerAdapter两个bean，配置一些messageconverter。即解决了@Controller注解的使用前提配置。  -->
	<mvc:annotation-driven/>
	
	<!-- 定义跳转的文件的前后缀 ，视图模式配置-->
	<bean class="org.springframework.web.servlet.view.InternalResourceViewResolver">
		<!-- 这里的配置我的理解是自动给后面action的方法return的字符串加上前缀和后缀，变成一个 可用的url地址 -->
		<property name="prefix" value="/jsp/" />
		<property name="suffix" value=".jsp" />
	</bean>
	
	  <!-- 处理在类级别上的@RequestMapping注解 -->
      <bean
          class="org.springframework.web.servlet.mvc.annotation.DefaultAnnotationHandlerMapping" />
      <!-- 处理在方法级别上的@RequestMapping注解 -->
      <bean
          class="org.springframework.web.servlet.mvc.annotation.AnnotationMethodHandlerAdapter">
          <property name="messageConverters">
              <list>
                  <bean
                     class="org.springframework.http.converter.StringHttpMessageConverter">
                     <property name="supportedMediaTypes">
                         <list>
                          <!-- 默认是ISO-88859-1，避免乱码这里设置为UTF-8 -->
                             <value>
                                 text/html;charset=UTF-8
                             </value>
                         </list>
                     </property>
                 </bean>
                 <!-- 启动JSON格式的配置 -->
                 <bean id="jacksonMessageConverter"
                     class="org.springframework.http.converter.json.MappingJackson2HttpMessageConverter">
                     <!-- 解决 HttpMediaTypeNotAcceptableException: Could not find acceptable 
                         representation -->
                     <property name="supportedMediaTypes">
                         <list>
                             <value>application/json;charset=UTF-8</value>
                         </list>
                     </property>
                 </bean>
             </list>
         </property>
     </bean>
	
	
    
    <!-- 静态资源问题，不需要进行拦截过滤，主要是针对css，js，image等资源 -->
    <mvc:resources mapping="/common/**" location="/common/" cache-period="31536000"/>
	<mvc:resources mapping="/dwz/**" location="/dwz/" cache-period="31536000"/>
	<mvc:resources mapping="/favicon.ico" location="/favicon.ico" />

</beans>