<?xml version="1.0" encoding="UTF-8"?>
<beans xmlns="http://www.springframework.org/schema/beans"
	   xmlns:xsi="http://www.w3.org/2001/XMLSchema-instance" xmlns:context="http://www.springframework.org/schema/context"
	   xmlns:aop="http://www.springframework.org/schema/aop" xmlns:tx="http://www.springframework.org/schema/tx"
	   xsi:schemaLocation="
		http://www.springframework.org/schema/beans
		http://www.springframework.org/schema/beans/spring-beans-3.2.xsd
		http://www.springframework.org/schema/context
		http://www.springframework.org/schema/context/spring-context-3.2.xsd
		http://www.springframework.org/schema/tx
		http://www.springframework.org/schema/tx/spring-tx-3.2.xsd
		http://www.springframework.org/schema/aop
		http://www.springframework.org/schema/aop/spring-aop-3.2.xsd">

	<!-- ==================================================================== -->
	<!-- 龙果学院（http://www.roncoo.com） 超级教程系列 -->
	<!-- 《微服务架构的分布式事务解决方案》 视 频  教 程 -->
	<!-- 讲师：吴水成（水到渠成），840765167@qq.com -->
	<!-- 课程地址：http://www.roncoo.com/course/view/7ae3d7eddc4742f78b0548aa8bd9ccdb -->
	<!-- ==================================================================== -->

	<!--<bean id="propertyConfigurer"-->
		  <!--class="org.springframework.beans.factory.config.PropertyPlaceholderConfigurer">-->
		<!--<property name="location" value="classpath:mq_config.properties" />-->
	<!--</bean>-->
	<!-- 真正可以产生Connection的ConnectionFactory，由对应的 JMS服务厂商提供 -->
	<bean id="targetConnectionFactory" class="org.apache.activemq.ActiveMQConnectionFactory">
		<!-- ActiveMQ服务地址 -->
		<property name="brokerURL" value="${roncoo.pay.mq.brokerURL}" />
		<property name="userName" value="${roncoo.pay.mq.userName}"></property>
		<property name="password" value="${roncoo.pay.mq.password}"></property>
	</bean>

	<!--
        ActiveMQ为我们提供了一个PooledConnectionFactory，通过往里面注入一个ActiveMQConnectionFactory
        可以用来将Connection、Session和MessageProducer池化，这样可以大大的减少我们的资源消耗。
        要依赖于 activemq-pool包
     -->
	<bean id="pooledConnectionFactory" class="org.apache.activemq.pool.PooledConnectionFactory">
		<property name="connectionFactory" ref="targetConnectionFactory" />
		<property name="maxConnections" value="${roncoo.pay.mq.pool.maxConnections}" />
	</bean>

	<!-- Spring用于管理真正的ConnectionFactory的ConnectionFactory -->
	<bean id="connectionFactory" class="org.springframework.jms.connection.SingleConnectionFactory">
		<!-- 目标ConnectionFactory对应真实的可以产生JMS Connection的ConnectionFactory -->
		<property name="targetConnectionFactory" ref="pooledConnectionFactory" />
	</bean>

	<!-- Spring提供的JMS工具类，它可以进行消息发送、接收等 -->

	<!-- 商户通知队列模板 -->
	<bean id="notifyJmsTemplate" class="org.springframework.jms.core.JmsTemplate">
		<!-- 这个connectionFactory对应的是我们定义的Spring提供的那个ConnectionFactory对象 -->
		<property name="connectionFactory" ref="connectionFactory"/>
		<property name="defaultDestinationName" value="${roncoo.pay.trade.notify}"></property>
	</bean>
</beans>