﻿<?xml version="1.0" encoding="UTF-8" ?>
<beans xmlns="http://www.springframework.org/schema/beans"
	xmlns:xsi="http://www.w3.org/2001/XMLSchema-instance" xmlns:p="http://www.springframework.org/schema/p"
	xmlns:context="http://www.springframework.org/schema/context"
	xmlns:aop="http://www.springframework.org/schema/aop" xmlns:tx="http://www.springframework.org/schema/tx"
	xmlns:cache="http://www.springframework.org/schema/cache"
	xsi:schemaLocation="http://www.springframework.org/schema/beans http://www.springframework.org/schema/beans/spring-beans-3.2.xsd
	   http://www.springframework.org/schema/context http://www.springframework.org/schema/context/spring-context-3.2.xsd
	   http://www.springframework.org/schema/tx http://www.springframework.org/schema/tx/spring-tx-3.2.xsd
       http://www.springframework.org/schema/aop http://www.springframework.org/schema/aop/spring-aop-3.2.xsd
       http://www.springframework.org/schema/cache http://www.springframework.org/schema/cache/spring-cache-3.2.xsd"
	default-autowire="byName" default-lazy-init="false">

	<!-- ==================================================================== -->
	<!-- 龙果学院（ http://www.roncoo.com ）超级教程系列 -->
	<!-- 《微服务架构的分布式事务解决方案》视频教程 -->
	<!-- 讲师：吴水成（水到渠成），840765167@qq.com -->
	<!-- 课程地址：http://www.roncoo.com/details/7ae3d7eddc4742f78b0548aa8bd9ccdb -->
	<!-- ==================================================================== -->

	<!--注解配置 -->
	<context:annotation-config />

	<!-- 配置要扫描的包 -->
	<context:component-scan base-package="com.roncoo.pay" />

	<!-- 引入配置文件 -->
	<bean id="propertyConfigurer"
		class="org.springframework.beans.factory.config.PropertyPlaceholderConfigurer">
		<property name="locations">
			<list>
				<value>classpath:public_system.properties</value>
				<value>classpath:mq_config.properties</value>
			</list>
		</property>
	</bean>

	<!-- proxy-target-class默认"false",更改为"ture"使用CGLib动态代理 -->
	<aop:aspectj-autoproxy proxy-target-class="true" />


	<!-- 配置线程池 -->
	<bean id="threadPool"
		class="org.springframework.scheduling.concurrent.ThreadPoolTaskExecutor">
		<!-- 线程池维护线程的最少数量 -->
		<property name="corePoolSize" value="5" />
		<!-- 线程池维护线程所允许的空闲时间 -->
		<property name="keepAliveSeconds" value="3000" />
		<!-- 线程池维护线程的最大数量 -->
		<property name="maxPoolSize" value="10" />
		<!-- 线程池所使用的缓冲队列 -->
		<property name="queueCapacity" value="100" />
	</bean>

	<import resource="classpath:spring-dubbo-consumer.xml" />

</beans>