<?xml version="1.0" encoding="UTF-8" ?>
<!DOCTYPE mapper PUBLIC "-//mybatis.org//DTD Mapper 3.0//EN" "http://mybatis.org/dtd/mybatis-3-mapper.dtd" >
<mapper namespace="com.roncoo.pay.service.user.dao.impl.RpPayProductDaoImpl" >

	<!-- ==================================================================== -->
	<!-- 龙果学院 (www.roncoo.com) 超级教程系列 -->
	<!-- 《微服务架构的分布式事务解决方案》视频教程 -->
	<!-- 讲师：吴水成（水到渠成），840765167@qq.com -->
	<!-- 课程地址：http://www.roncoo.com/course/view/7ae3d7eddc4742f78b0548aa8bd9ccdb -->
	<!-- ==================================================================== -->

  <resultMap id="BaseResultMap" type="com.roncoo.pay.service.user.entity.RpPayProduct" >
    <id column="id" property="id" jdbcType="VARCHAR" />
    <result column="create_time" property="createTime" jdbcType="TIMESTAMP" />
    <result column="edit_time" property="editTime" jdbcType="TIMESTAMP" />
    <result column="version" property="version" jdbcType="BIGINT" />
    <result column="status" property="status" jdbcType="VARCHAR" />
    <result column="product_code" property="productCode" jdbcType="VARCHAR" />
    <result column="product_name" property="productName" jdbcType="VARCHAR" />
    <result column="audit_status" property="auditStatus" jdbcType="VARCHAR" />
  </resultMap>
  
  <sql id="table_name">  rp_pay_product </sql>
  
  <sql id="Base_Column_List" >
    id, create_time, edit_time, version, status, product_code, product_name
  </sql>
  <select id="selectByPrimaryKey" resultMap="BaseResultMap" parameterType="java.lang.String" >
    select 
    <include refid="Base_Column_List" />
    from rp_pay_product
    where id = #{id,jdbcType=VARCHAR}
  </select>
  <delete id="deleteByPrimaryKey" parameterType="java.lang.String" >
    delete from rp_pay_product
    where id = #{id,jdbcType=VARCHAR}
  </delete>
  <insert id="insert" parameterType="com.roncoo.pay.service.user.entity.RpPayProduct" >
    insert into rp_pay_product (id, create_time, edit_time, 
      version, status, product_code, 
      product_name, audit_status)
    values (#{id,jdbcType=VARCHAR}, #{createTime,jdbcType=TIMESTAMP}, #{editTime,jdbcType=TIMESTAMP}, 
      #{version,jdbcType=BIGINT}, #{status,jdbcType=VARCHAR}, #{productCode,jdbcType=VARCHAR}, 
      #{productName,jdbcType=VARCHAR}, #{auditStatus,jdbcType=VARCHAR})
  </insert>
  <insert id="insertSelective" parameterType="com.roncoo.pay.service.user.entity.RpPayProduct" >
    insert into rp_pay_product
    <trim prefix="(" suffix=")" suffixOverrides="," >
      <if test="id != null" >
        id,
      </if>
      <if test="createTime != null" >
        create_time,
      </if>
      <if test="editTime != null" >
        edit_time,
      </if>
      <if test="version != null" >
        version,
      </if>
      <if test="status != null" >
        status,
      </if>
      <if test="productCode != null" >
        product_code,
      </if>
      <if test="productName != null" >
        product_name,
      </if>
      <if test="auditStatus != null" >
        audit_status,
      </if>
    </trim>
    <trim prefix="values (" suffix=")" suffixOverrides="," >
      <if test="id != null" >
        #{id,jdbcType=VARCHAR},
      </if>
      <if test="createTime != null" >
        #{createTime,jdbcType=TIMESTAMP},
      </if>
      <if test="editTime != null" >
        #{editTime,jdbcType=TIMESTAMP},
      </if>
      <if test="version != null" >
        #{version,jdbcType=BIGINT},
      </if>
      <if test="status != null" >
        #{status,jdbcType=VARCHAR},
      </if>
      <if test="productCode != null" >
        #{productCode,jdbcType=VARCHAR},
      </if>
      <if test="productName != null" >
        #{productName,jdbcType=VARCHAR},
      </if>
      <if test="auditStatus != null" >
        #{auditStatus,jdbcType=VARCHAR},
      </if>
    </trim>
  </insert>
  <update id="updateByPrimaryKeySelective" parameterType="com.roncoo.pay.service.user.entity.RpPayProduct" >
    update rp_pay_product
    <set >
      <if test="createTime != null" >
        create_time = #{createTime,jdbcType=TIMESTAMP},
      </if>
      <if test="editTime != null" >
        edit_time = #{editTime,jdbcType=TIMESTAMP},
      </if>
      <if test="version != null" >
        version = #{version,jdbcType=BIGINT},
      </if>
      <if test="status != null" >
        status = #{status,jdbcType=VARCHAR},
      </if>
      <if test="productCode != null" >
        product_code = #{productCode,jdbcType=VARCHAR},
      </if>
      <if test="productName != null" >
        product_name = #{productName,jdbcType=VARCHAR},
      </if>
      <if test="auditStatus != null" >
        audit_status = #{auditStatus,jdbcType=VARCHAR},
      </if>
    </set>
    where id = #{id,jdbcType=VARCHAR}
  </update>
  <update id="updateByPrimaryKey" parameterType="com.roncoo.pay.service.user.entity.RpPayProduct" >
    update rp_pay_product
    set create_time = #{createTime,jdbcType=TIMESTAMP},
      edit_time = #{editTime,jdbcType=TIMESTAMP},
      version = #{version,jdbcType=BIGINT},
      status = #{status,jdbcType=VARCHAR},
      product_code = #{productCode,jdbcType=VARCHAR},
      product_name = #{productName,jdbcType=VARCHAR},
      audit_status = #{auditStatus,jdbcType=VARCHAR}
    where id = #{id,jdbcType=VARCHAR}
  </update>
  
  	<!-- 根据搜索条件获取数据 -->
	<sql id="condition_sql">
		<if test="productCode != null and productCode != ''"> and product_code = #{productCode,jdbcType=VARCHAR}</if>
		<if test="productName != null and productName != ''">and product_name like CONCAT('%' ,CONCAT(#{productName},'%'))</if>
		<if test="status != null and status != ''"> and status = #{status,jdbcType=VARCHAR}</if>
		<if test="auditStatus != null and auditStatus != ''"> and audit_status = #{auditStatus,jdbcType=VARCHAR}</if>
	</sql>


	<select id="listBy" parameterType="java.util.Map" resultMap="BaseResultMap">
		select * from
		<include refid="table_name" />
		<where>
			<include refid="condition_sql" />
		</where>
		order by create_time desc
	</select>

	<!-- 分页查询 -->
	<select id="listPage" parameterType="java.util.Map" resultMap="BaseResultMap">
		select * from
		<include refid="table_name" />
		<where>
			<include refid="condition_sql" />
		</where>
		order by create_time desc limit #{pageFirst}, #{pageSize}
	</select>

	<!-- 分页查询时要用到的总数统计 -->
	<select id="listPageCount" parameterType="java.util.Map"
		resultType="java.lang.Long">
		select count(1) from
		<include refid="table_name" />
		<where>
			<include refid="condition_sql" />
		</where>
	</select>
</mapper>