<?xml version="1.0" encoding="UTF-8" ?>
<!DOCTYPE mapper PUBLIC "-//mybatis.org//DTD Mapper 3.0//EN" "http://mybatis.org/dtd/mybatis-3-mapper.dtd" >
<mapper namespace="com.roncoo.pay.service.user.dao.impl.RpUserInfoDaoImpl" >

	<!-- ==================================================================== -->
	<!-- 龙果学院 (www.roncoo.com) 超级教程系列 -->
	<!-- 《微服务架构的分布式事务解决方案》视频教程 -->
	<!-- 讲师：吴水成（水到渠成），840765167@qq.com -->
	<!-- 课程地址：http://www.roncoo.com/course/view/7ae3d7eddc4742f78b0548aa8bd9ccdb -->
	<!-- ==================================================================== -->

  <resultMap id="BaseResultMap" type="com.roncoo.pay.service.user.entity.RpUserInfo" >
    <id column="id" property="id" jdbcType="VARCHAR" />
    <result column="create_time" property="createTime" jdbcType="TIMESTAMP" />
    <result column="status" property="status" jdbcType="VARCHAR" />
    <result column="user_no" property="userNo" jdbcType="VARCHAR" />
    <result column="user_name" property="userName" jdbcType="VARCHAR" />
    <result column="account_no" property="accountNo" jdbcType="VARCHAR" />
  </resultMap>
  <sql id="Base_Column_List" >
    id, create_time, status, user_no, user_name, account_no
  </sql>
  <select id="selectByPrimaryKey" resultMap="BaseResultMap" parameterType="java.lang.String" >
    select 
    <include refid="Base_Column_List" />
    from rp_user_info
    where id = #{id,jdbcType=VARCHAR}
  </select>
  <delete id="deleteByPrimaryKey" parameterType="java.lang.String" >
    delete from rp_user_info
    where id = #{id,jdbcType=VARCHAR}
  </delete>
  <insert id="insert" parameterType="com.roncoo.pay.service.user.entity.RpUserInfo" >
    insert into rp_user_info (id, create_time, status, 
      user_no, user_name, account_no
      )
    values (#{id,jdbcType=VARCHAR}, #{createTime,jdbcType=TIMESTAMP}, #{status,jdbcType=VARCHAR}, 
      #{userNo,jdbcType=VARCHAR}, #{userName,jdbcType=VARCHAR}, #{accountNo,jdbcType=VARCHAR}
      )
  </insert>
  <insert id="insertSelective" parameterType="com.roncoo.pay.service.user.entity.RpUserInfo" >
    insert into rp_user_info
    <trim prefix="(" suffix=")" suffixOverrides="," >
      <if test="id != null" >
        id,
      </if>
      <if test="createTime != null" >
        create_time,
      </if>
      <if test="status != null" >
        status,
      </if>
      <if test="userNo != null" >
        user_no,
      </if>
      <if test="userName != null" >
        user_name,
      </if>
      <if test="accountNo != null" >
        account_no,
      </if>
    </trim>
    <trim prefix="values (" suffix=")" suffixOverrides="," >
      <if test="id != null" >
        #{id,jdbcType=VARCHAR},
      </if>
      <if test="createTime != null" >
        #{createTime,jdbcType=TIMESTAMP},
      </if>
      <if test="status != null" >
        #{status,jdbcType=VARCHAR},
      </if>
      <if test="userNo != null" >
        #{userNo,jdbcType=VARCHAR},
      </if>
      <if test="userName != null" >
        #{userName,jdbcType=VARCHAR},
      </if>
      <if test="accountNo != null" >
        #{accountNo,jdbcType=VARCHAR},
      </if>
    </trim>
  </insert>
  <update id="updateByPrimaryKeySelective" parameterType="com.roncoo.pay.service.user.entity.RpUserInfo" >
    update rp_user_info
    <set >
      <if test="createTime != null" >
        create_time = #{createTime,jdbcType=TIMESTAMP},
      </if>
      <if test="status != null" >
        status = #{status,jdbcType=VARCHAR},
      </if>
      <if test="userNo != null" >
        user_no = #{userNo,jdbcType=VARCHAR},
      </if>
      <if test="userName != null" >
        user_name = #{userName,jdbcType=VARCHAR},
      </if>
      <if test="accountNo != null" >
        account_no = #{accountNo,jdbcType=VARCHAR},
      </if>
    </set>
    where id = #{id,jdbcType=VARCHAR}
  </update>
  <update id="updateByPrimaryKey" parameterType="com.roncoo.pay.service.user.entity.RpUserInfo" >
    update rp_user_info
    set create_time = #{createTime,jdbcType=TIMESTAMP},
      status = #{status,jdbcType=VARCHAR},
      user_no = #{userNo,jdbcType=VARCHAR},
      user_name = #{userName,jdbcType=VARCHAR},
      account_no = #{accountNo,jdbcType=VARCHAR}
    where id = #{id,jdbcType=VARCHAR}
  </update>
  
    <sql id="table_name">  rp_user_info </sql>
    
    <!-- 根据搜索条件获取数据 -->
	<sql id="condition_sql">
		<if test="status != null and status != ''"> and status = #{status,jdbcType=VARCHAR}</if>
		<if test="userNo != null and userNo != ''"> and user_no = #{userNo,jdbcType=VARCHAR}</if>
	</sql>
	
	  	<select id="listBy" parameterType="java.util.Map" resultMap="BaseResultMap">
		select * from
		<include refid="table_name" />
		<where>
			<include refid="condition_sql" />
		</where>
		order by create_time desc
	</select>
  
  	<!-- 分页查询 -->
	<select id="listPage" parameterType="java.util.Map" resultMap="BaseResultMap">
		select * from
		<include refid="table_name" />
		<where>
			<include refid="condition_sql" />
		</where>
		order by create_time desc limit #{pageFirst}, #{pageSize}
	</select>

	<!-- 分页查询时要用到的总数统计 -->
	<select id="listPageCount" parameterType="java.util.Map"
		resultType="java.lang.Long">
		select count(1) from
		<include refid="table_name" />
		<where>
			<include refid="condition_sql" />
		</where>
	</select>

	<!-- 生成用户编号序列 -->
	<select id="buildUserNoSeq" resultType="java.lang.String">
    	select FUN_SEQ('USER_NO_SEQ')
    </select>
    
    <!-- 生成账户编号序列 -->
	<select id="buildAccountNoSeq" resultType="java.lang.String">
    	select FUN_SEQ('ACCOUNT_NO_SEQ')
    </select>
	
</mapper>